time_of_day,day_of_week,temperature,weather_condition,location,electricity_rate,number_of_cars,demand
6,6,22.707918166568675,Rainy,2,0.16720141179802175,144,95.44057603688383
19,0,17.99740246914967,Sunny,5,0.19313650835245588,322,86.69155078938168
14,1,34.53054222208712,Rainy,4,0.25467620955644993,429,58.14439122788607
10,5,9.487419280026973,Cloudy,4,0.2829931730155937,73,67.72974887507071
7,5,18.937957899074306,Snowy,9,0.13782782000459692,165,2.649386653177383
20,4,25.41369879077976,Sunny,8,0.2844734969340206,200,34.55553275949642
6,5,16.86635251639906,Cloudy,6,0.2391249304708116,387,79.77036283548276
18,2,34.240995556120694,Snowy,1,0.22215414613700774,99,8.670814405446203
22,6,26.65662883780805,Sunny,2,0.1399682542563879,255,28.9490695868613
10,3,24.709515726934793,Rainy,6,0.11110500656183012,384,58.94438600509682
10,4,27.7117780283367,Cloudy,2,0.21369297970158796,128,26.384889742195238
23,2,33.57945914116151,Snowy,5,0.23030313666577848,119,93.4638194403074
20,2,32.2345595895392,Sunny,5,0.14215628987093765,76,13.974804449624747
3,0,26.728559243792358,Sunny,6,0.2112912411650913,320,79.94204143287008
7,5,27.474849173038493,Rainy,6,0.2712986805525147,99,51.28692049873442
23,1,9.377662221054363,Snowy,6,0.267013189091004,341,75.28274680617564
2,1,8.08377213477997,Rainy,2,0.28547103611725944,296,31.760817502833298
21,4,22.127135055324928,Rainy,3,0.17317716191137608,313,51.93447062889184
20,6,5.5510291082162,Snowy,6,0.16360991451018375,128,85.82669962259446
1,1,19.470691446547747,Snowy,8,0.24988520119616173,436,47.220931813187335
23,3,11.310487397566058,Snowy,1,0.18622248101940098,239,36.61226632911669
11,1,15.380497029345188,Cloudy,1,0.11750973280555613,96,54.07938323902087
5,4,28.27414207378868,Snowy,2,0.15656022613409995,410,72.01891255060032
1,1,33.23712512697159,Sunny,6,0.1837164571062978,403,44.91277120435177
20,3,7.172488164390245,Rainy,9,0.1585032850952504,401,93.94882053908502
0,0,21.027266179293353,Cloudy,4,0.16644111418946433,238,30.19963658019186
11,6,31.476004574588,Snowy,3,0.15875518123487814,465,48.070897010742925
21,4,7.475256033212638,Cloudy,8,0.1082998334366159,305,75.9358382748027
11,0,29.735421406905015,Snowy,9,0.2274189401648885,271,69.22298795908006
16,0,15.73404052784814,Cloudy,5,0.21945848407069385,421,86.50046418929846
9,0,14.66284106658006,Rainy,9,0.23067669969573612,290,99.68410888742979
15,2,34.32399158944357,Rainy,2,0.13846197920672548,318,43.258974550713866
14,6,11.025772695868826,Sunny,3,0.15913090832249704,50,12.003937098547873
14,5,25.795818224680428,Sunny,7,0.22392318538898445,83,4.011172199988829
18,6,29.643221840295993,Snowy,7,0.21992551369198426,495,72.96081370783739
11,2,6.2355048583781505,Rainy,6,0.20126606187085355,128,87.52735345956285
22,5,25.111563750632367,Cloudy,6,0.17008265000203948,285,22.85054600849745
19,6,33.546499230659805,Cloudy,2,0.28258620095493797,383,16.68635568180069
2,0,8.72659900184178,Cloudy,6,0.16795404845976875,426,7.158304061043407
4,4,31.88663908055115,Sunny,4,0.1911238312874503,398,82.44758925000343
18,5,22.843299121308082,Cloudy,3,0.23562276619084174,147,31.82681204936585
6,3,23.49813745587422,Sunny,2,0.2086042861733528,131,40.76799238321787
20,3,23.38832524596818,Sunny,1,0.16937719527287712,464,50.77226896935162
8,1,13.965076590119414,Snowy,5,0.18712895809130198,241,84.10587018674552
6,5,33.056054458983795,Cloudy,2,0.2588961635707012,302,65.43248893458701
17,4,33.42051387893116,Cloudy,2,0.15562583109732248,458,61.89139835592332
3,2,23.759139806418435,Rainy,7,0.12845104795536308,87,18.39153789563516
13,0,28.50268177824844,Snowy,8,0.16263264036595543,63,51.805799279273145
17,1,23.36773957643474,Rainy,8,0.2699068430975803,441,71.82272070068687
8,3,19.531953427221218,Snowy,4,0.11779794297126933,396,97.35282742001868
20,2,24.82460354897752,Cloudy,1,0.2983392146744903,359,20.93922461212187
1,2,21.590043577758752,Sunny,7,0.2082005797855325,435,1.9447919536554379
19,0,22.924275878957904,Sunny,1,0.2969691487934188,258,8.454841926248506
14,5,28.51497660256586,Sunny,4,0.2877992844171955,406,38.20939405301594
6,3,19.427114943469547,Sunny,8,0.19056274284218333,138,82.23392012685272
11,4,6.222623182774183,Sunny,2,0.13969821492106982,105,1.7070660950562595
7,2,9.919984429684916,Rainy,6,0.1329769553130277,143,46.21632869569819
14,0,18.15821649468615,Snowy,6,0.1479978727739915,142,33.593830918798055
2,4,26.74479679622175,Cloudy,9,0.24202652811290745,389,6.19568929987303
13,5,22.798359449305362,Rainy,5,0.15458999894629757,134,45.57339238058911
16,3,24.508825576203616,Snowy,4,0.16828505392085966,494,26.220122026335165
3,5,19.37836785728862,Sunny,5,0.18975576079892295,294,35.83659860035364
17,2,23.472260658267285,Snowy,5,0.28264653608429124,71,70.855915173645
7,4,14.870523134439866,Snowy,8,0.13787868357696922,340,52.633547407185745
3,4,19.105477780899953,Sunny,8,0.10100531052196063,321,13.34009547028852
1,4,27.328371967848668,Sunny,2,0.11201928207563404,355,96.18003950194027
5,2,31.154983369193634,Sunny,7,0.2809532683360236,171,63.9551658052641
21,2,18.00966001869167,Cloudy,8,0.2295032929686726,177,76.82097414059062
9,5,6.309849731220836,Sunny,6,0.15460812386556136,162,8.84210185082871
3,1,9.85017632440408,Cloudy,5,0.13543850020223822,476,5.65877956654187
21,5,5.6258341787461426,Sunny,9,0.15885334732742287,322,2.925356986440036
17,3,24.5978905771199,Cloudy,3,0.12295938545025603,385,19.690608749571002
11,0,14.969438760653267,Snowy,4,0.2883065820568882,491,42.02643137413102
1,4,21.274359071581024,Rainy,9,0.2568412348730533,179,93.64678720687947
9,1,19.798305403513986,Snowy,6,0.19247823538250813,181,46.24890626731185
3,0,7.445794686572801,Snowy,8,0.2729925210230404,134,29.73525543188041
13,1,17.097840833714955,Sunny,7,0.14989164085864645,472,56.63159009844667
15,6,11.616833747669698,Cloudy,2,0.2434241136944387,399,12.081523235344134
14,5,17.55199366002958,Rainy,3,0.2712264998027487,439,61.341083209493334
7,2,11.107348410267281,Sunny,1,0.17135374232465453,130,57.27476347871983
13,4,30.213572188308007,Sunny,9,0.25149288909014356,374,79.40731030716526
22,5,10.225800097347609,Sunny,7,0.15901446985286188,118,98.68207355008539
7,0,33.82341654460931,Snowy,1,0.15977142705180616,197,25.836473699894942
20,6,17.477220984408223,Cloudy,3,0.12141143571083722,497,51.4559886295723
15,6,30.38735876057148,Cloudy,4,0.18801160930187974,65,90.97767522558135
12,6,23.862944546178355,Rainy,4,0.24594238129948445,356,78.73379855786129
17,0,27.06050895997258,Cloudy,5,0.288044161114257,154,49.25322400697995
14,0,28.03171664200341,Cloudy,3,0.2207593983858192,214,94.591793311863
20,0,20.145346456790534,Sunny,3,0.2726271075471478,250,6.666432658164128
23,0,21.29901570089865,Sunny,1,0.2644989298580454,246,93.16886335154582
12,6,20.419876034261748,Snowy,7,0.13466861059505617,475,6.000231845897848
8,6,22.641751342702378,Sunny,1,0.1971634857825263,234,55.183169667353745
14,1,5.881833372695219,Sunny,2,0.1233847071050783,371,89.1536538521075
12,5,16.86545509547046,Sunny,4,0.236430632312327,314,27.00937341256898
0,4,23.185661406835145,Sunny,4,0.28997993364921515,412,47.75260139557069
6,2,22.93170695767593,Snowy,5,0.1274178916157513,149,33.1085590345597
8,6,28.788682838168945,Sunny,2,0.24677662616050824,391,95.26224779055879
23,2,24.650280164963256,Rainy,4,0.2264476301735722,369,82.54091388055599
0,5,34.76399949022017,Rainy,1,0.21672100740161993,263,71.19114962131158
11,5,13.515635858259351,Rainy,2,0.17802404693766785,327,59.17507167489576
7,2,15.774530889986945,Rainy,1,0.17102632955076252,211,82.23858714309067
23,6,16.51541455603389,Sunny,4,0.10904983780377758,488,39.83443711083116
10,2,18.974384210607454,Rainy,4,0.1435817416504027,206,45.307633655500126
18,1,30.079941913436283,Sunny,7,0.10303537645736538,471,73.27017038700528
16,3,12.073762818776295,Snowy,9,0.21628342111640408,300,36.41772156607771
7,6,28.280006211062883,Rainy,9,0.12117064717558178,415,7.326193262789008
2,6,17.1593054925723,Cloudy,5,0.27460387880594317,146,8.359126279721075
2,4,23.055661509860254,Rainy,1,0.20462860413943304,67,12.420917329264682
0,0,23.976215996789183,Rainy,1,0.23993798181174167,376,87.09845101102262
4,3,16.18545911566803,Sunny,6,0.1821714183680993,498,47.75041614986423
9,5,20.378456156174153,Rainy,2,0.21211596180020972,432,71.5753545651289
6,6,17.39093523943091,Cloudy,8,0.28853183539332605,146,39.89802422488443
8,2,7.073983585598583,Sunny,9,0.11654680792473415,50,26.612383794147814
6,3,18.114961664504797,Sunny,4,0.15078755438473923,265,35.37202458865898
8,4,7.921801776606565,Snowy,5,0.2559976653821089,181,79.62405218640117
7,5,17.150623972409647,Snowy,8,0.11974744137653318,309,62.89639637811238
11,0,22.787551994953457,Rainy,3,0.11513222078082218,174,93.82633821583231
1,0,22.382446980305023,Snowy,5,0.1723082797508077,131,68.29077307910656
0,4,24.87863837024961,Snowy,3,0.11843359169448647,332,57.4479815437147
15,4,7.857845238638789,Snowy,3,0.2170156884412406,220,61.40940488959761
22,2,24.563697365913136,Sunny,3,0.14525505016331997,108,94.29477250737305
22,6,14.364441700893412,Sunny,7,0.2791395926398744,81,79.0318920568039
23,0,16.971378384113333,Sunny,7,0.25670001616905136,210,3.3800824992773437
4,5,30.739587617681174,Snowy,7,0.23994104121989523,333,53.87982991743402
2,3,5.270912123886507,Sunny,8,0.22338880547690038,155,69.14550274310992
11,5,22.652379000218165,Snowy,5,0.27269314606829265,154,75.12114936547636
7,1,22.961419403003227,Sunny,5,0.14461241230855137,488,22.101069812079732
21,1,16.89979329030686,Sunny,4,0.2746217685528455,277,86.85055809068388
2,4,12.110835713250086,Cloudy,7,0.25789845968481045,237,95.6284715703412
0,2,12.040221147846532,Rainy,4,0.2496321652775371,119,24.43481527864211
2,1,31.511290089822577,Snowy,2,0.21225113561498482,367,88.37893029420734
4,0,18.260731213485727,Cloudy,4,0.14924883219412002,339,10.600897489093443
14,5,14.926680889675158,Sunny,8,0.18470958319837927,136,6.514976775409274
13,5,18.46332721494209,Snowy,9,0.2587141309077603,419,13.793156210172187
2,4,25.08171204378084,Sunny,3,0.1063556968714649,411,6.716366867236563
0,6,9.372697047342552,Rainy,7,0.2564101538527517,105,84.65621147842181
4,6,18.483015056412132,Cloudy,9,0.1480141480975133,162,6.845964301368923
22,3,22.636531133311607,Rainy,4,0.12886184014432062,62,27.894754945001893
13,4,33.457500645543014,Cloudy,3,0.12314026363606044,489,11.271878010049782
6,3,12.575833462262578,Sunny,5,0.10545000239016303,67,30.246781595062732
8,6,15.777522437487367,Rainy,1,0.2047172970442906,231,9.965387292491128
14,4,16.380757697672713,Rainy,3,0.1436519745387459,162,67.13232182355839
14,4,23.166144729346485,Sunny,8,0.29788635315592626,278,14.19935481791494
9,4,15.70196159120005,Rainy,8,0.21488735117444113,220,85.3327466580499
12,6,21.00535775899087,Snowy,4,0.12757705387120208,344,81.90191402193746
18,3,28.453709895350883,Cloudy,2,0.23775250816227306,238,2.3525068615903324
6,3,26.161567823366106,Cloudy,8,0.2795487133019451,475,89.67690919599634
16,4,18.391059395377567,Cloudy,8,0.24903589907392287,128,3.865487357593339
19,1,30.926485330225066,Snowy,4,0.11528797220788954,195,24.724932710798104
3,2,21.744207487815885,Cloudy,3,0.2791768362385319,456,4.2065246398235105
4,6,21.197175185066374,Sunny,2,0.258785877171993,231,34.24850521689228
22,2,6.0256329781747455,Rainy,9,0.13166078002112286,335,51.87278604561389
6,2,34.600789410714846,Snowy,1,0.11035717774656338,299,79.86784203249867
12,3,8.689124255888801,Cloudy,7,0.2114621150628617,403,34.460173496513775
14,3,11.933927372829398,Sunny,5,0.1312071622679954,363,70.84351244263856
10,1,6.550905117245809,Rainy,8,0.2669181905190544,245,19.562941254779055
3,2,24.20008900510741,Rainy,4,0.17166693133433475,372,75.30924721766851
12,2,11.7410353091804,Snowy,7,0.2825784889473151,120,24.36366398501452
6,4,10.400313124181704,Snowy,5,0.21313763442820116,297,15.210930838433024
18,3,7.656667526697242,Snowy,5,0.13653447684793363,195,19.355476187031375
21,2,8.09926871372047,Sunny,9,0.12791977347196,155,19.024249759303682
1,5,22.540121013277663,Sunny,9,0.21529448751155078,312,51.773425058322125
9,1,25.646235975997865,Snowy,9,0.25237672237248876,345,84.63496053762645
12,5,16.921369653932032,Cloudy,6,0.2563011295484364,119,8.880902622258057
20,5,19.396912447762197,Rainy,6,0.15515148088825625,242,70.98867553084884
5,6,25.579032079489522,Rainy,5,0.1408493517824335,117,65.78029950563291
11,6,5.521393705564389,Sunny,9,0.10335126089847649,354,87.37947523110688
11,1,14.693919712108357,Rainy,8,0.23583983024023386,101,25.170608490183817
19,5,34.19293244211039,Cloudy,7,0.1153136516867078,419,45.56087600981793
10,2,22.403366890864042,Rainy,7,0.18415224035318517,412,92.65691006990822
22,3,12.626737396924797,Sunny,6,0.22033643280365922,334,66.3393515633964
6,1,20.651901399086395,Sunny,5,0.2874217889839354,454,39.488072873298094
0,4,15.27960464362746,Cloudy,4,0.16236042739115372,383,14.009825902671578
0,5,20.967349664788973,Cloudy,3,0.14995443248930396,58,26.986015782158514
19,1,8.772245354199466,Rainy,3,0.23083203085721968,300,58.540332271448946
12,0,8.98143961457832,Rainy,6,0.22384780641071633,480,72.09862680849086
8,0,9.306270861181787,Sunny,4,0.1664219566616249,381,13.317766798337455
2,6,33.19459375780525,Cloudy,6,0.28562036710195726,347,60.36012874436135
6,3,26.986967550240255,Cloudy,3,0.2689724654979265,484,55.48477660503635
5,2,9.871456839869627,Cloudy,4,0.14479650917301623,233,51.88158922238009
7,3,10.650472512968044,Rainy,9,0.14782850908690465,228,69.32218865051878
8,3,26.92488424612629,Cloudy,5,0.20246006937741612,247,83.90750991326273
4,3,9.68491534376522,Sunny,7,0.25471442034614405,177,32.97597863450997
0,3,12.03683880004486,Sunny,2,0.10880807587769288,69,89.01220682098499
18,4,33.90040498461197,Rainy,5,0.23866703074694132,460,16.902727649236517
9,4,12.659195741852955,Snowy,9,0.22964717947641938,471,18.12936310536527
11,6,24.848970511134404,Rainy,3,0.14629601918259766,377,27.410434298768468
23,1,34.35893862201591,Snowy,9,0.23627060264826974,114,12.833556085160703
14,0,16.22890301419378,Cloudy,6,0.2880366382504165,231,23.80160324360488
21,3,5.525479725861867,Rainy,4,0.10935716899435372,290,11.534764527381615
23,6,12.324418712671228,Sunny,7,0.1639304110584125,418,82.35348928155365
8,1,29.926315740251162,Cloudy,8,0.18763534333327103,73,14.757930196775835
19,0,30.9382650786511,Sunny,6,0.2798520717849379,433,74.98245819842583
16,5,28.055580935713735,Cloudy,5,0.2924522893218313,480,5.743472923420041
16,2,8.39329457229719,Rainy,6,0.18882304929926647,132,94.9035124238776
19,4,28.865311150892094,Snowy,5,0.25000568242843824,368,71.40484866524885
11,5,32.560333909805124,Cloudy,8,0.2063322047528966,234,1.6728583100250667
6,0,23.018286276387084,Snowy,1,0.20755658694827528,488,76.62179351982118
1,5,33.22626069014194,Cloudy,7,0.15561990301327128,365,51.894110155852346
2,2,29.805166511356322,Sunny,2,0.1433912491727759,148,78.15715186317685
16,6,25.00914550972722,Sunny,9,0.15760106918480823,111,52.72718408016826
4,0,22.315557101352443,Cloudy,1,0.21126560145141587,335,64.46146090590011
16,5,15.457210017259115,Snowy,6,0.1058310372044178,71,78.846833884109
23,4,9.778623357284154,Rainy,9,0.28144978887128114,261,41.10569740419781
16,4,23.148617680716224,Rainy,1,0.13125674190995523,175,1.2681068322247566
16,1,14.543346608543585,Sunny,4,0.1440177353742773,462,85.14470309857366
1,5,30.99316002582936,Rainy,4,0.20365523528952928,474,38.7081458998416
1,3,34.80010812075885,Sunny,9,0.24202295326745585,91,50.108229875641726
21,5,27.572832878467175,Rainy,5,0.11914581094887947,147,1.7688975732429029
22,6,7.714450858611523,Cloudy,5,0.16353893950943243,498,49.7171090246597
4,0,13.660567865919143,Sunny,6,0.29373492111487143,80,98.66225275560123
0,0,8.273288952972493,Sunny,1,0.15246859335618915,207,28.548498421058195
0,6,24.515349433751474,Cloudy,1,0.1626100290126294,161,40.14640875399543
18,5,27.95572593667354,Sunny,9,0.26729969812360665,451,69.03180965039898
1,6,32.770244926421356,Rainy,3,0.11004288633809106,296,81.6645730848422
20,2,18.14517039235963,Rainy,4,0.19292263376179417,171,42.32177077660393
11,6,32.041269487653324,Sunny,1,0.17592335289033406,322,31.65721816972796
5,4,31.336734771239826,Rainy,9,0.16331735198173022,343,93.84475419852164
22,6,14.515871502961957,Snowy,8,0.1571399188089529,447,68.03735170049525
3,0,31.06701876621713,Sunny,2,0.11827482097208185,256,12.783109144820967
22,4,16.270167556451796,Cloudy,8,0.16296516587032978,159,7.823859935330214
10,0,13.906078236808423,Snowy,7,0.10861048054313371,489,48.87143522824653
23,1,24.47223976383179,Sunny,6,0.2561927727288871,327,22.78891653867997
16,3,14.851436836552432,Cloudy,1,0.17964555879160232,105,26.144490584249095
5,0,23.906262449874326,Rainy,7,0.1887807664639823,424,87.89152570395697
23,4,23.294954164960835,Cloudy,7,0.2787189172900263,452,9.867036407314757
4,1,21.903167820453763,Snowy,9,0.23161099677224414,106,71.82104740766007
19,0,16.41259112698393,Rainy,1,0.10161182066842396,477,27.843083084678216
1,2,21.454991649544304,Sunny,2,0.288634964592257,340,76.27249391900963
5,6,22.89456424956265,Rainy,9,0.14742889319554225,163,72.51872706189091
21,3,21.370606654864204,Sunny,9,0.12152283695197177,430,1.7317982429850094
10,0,18.332583582536046,Sunny,6,0.25362563567617646,434,51.40440587923832
15,1,5.440011711387914,Cloudy,6,0.20009546317334365,357,14.792628755426591
15,2,22.611851231034528,Cloudy,4,0.18675411320360352,390,86.756476027289
0,5,10.05333155428159,Cloudy,4,0.14990061593654835,247,87.28700240337825
8,1,24.277279068415687,Snowy,5,0.20949429797246372,470,42.416234941882045
5,6,27.78032983768598,Snowy,3,0.15487692104051748,370,44.99516622665698
15,1,20.013359273922244,Cloudy,1,0.2803166010574135,228,31.025011001048185
2,2,21.27090994939215,Snowy,1,0.14304089594663855,434,71.94402359704307
19,1,33.54435678997973,Rainy,7,0.27687103009115066,268,36.507474939619456
3,2,30.415020841177228,Rainy,1,0.21188108514547138,326,27.511454977740744
18,0,32.427095478544096,Snowy,1,0.2656976267790482,486,43.79087489094631
2,2,29.412988649587593,Snowy,3,0.242569199172191,65,10.057264320358414
18,2,8.267550255401943,Rainy,4,0.2393390222873497,428,74.91371725977618
19,3,9.469755679105841,Sunny,4,0.16486916153901116,110,2.2470437259069094
6,2,20.79871391806879,Rainy,2,0.1467793862944407,103,64.8040210905388
19,2,12.382089763939948,Rainy,1,0.14217724553615763,217,19.10358814873237
8,5,19.300864251234774,Snowy,3,0.27143833141191775,75,24.008000575226898
0,0,16.830959714550506,Rainy,4,0.264085364051804,385,63.927567865363955
7,6,21.4824271529136,Snowy,3,0.18811470560246146,114,99.30140311250781
6,3,27.406271484074683,Snowy,8,0.12648092269929093,149,77.99403141818252
17,5,26.464727212978232,Cloudy,1,0.17645045039549168,123,23.358123590115806
7,4,20.63702397456003,Rainy,2,0.22386869082738226,241,18.426450749072245
0,0,29.671802564511744,Sunny,7,0.19088063089599056,220,86.75705415649936
10,0,17.925862746141,Cloudy,4,0.256037853696599,322,44.97421084422892
17,4,31.90142869520367,Snowy,8,0.2995245644502771,426,14.56822747998739
22,6,7.1384081016549175,Snowy,3,0.13822641768977936,236,86.35893090887187
9,2,33.63980090099922,Sunny,6,0.19193016393191448,72,81.79314293851188
2,5,24.640792442940445,Snowy,9,0.1861967803841644,440,98.4067300258192
6,1,16.402235268116158,Rainy,1,0.16089850654979015,477,91.0646249845557
15,3,10.91462379718632,Cloudy,1,0.13961910334405792,230,85.32724352739362
15,1,19.375496883307996,Snowy,8,0.11313842329793185,376,6.204865383289311
19,4,10.836749695559028,Snowy,3,0.2774238634447397,157,11.337121580313685
16,0,9.989948232294264,Sunny,5,0.18396973953726353,384,57.329336236108155
1,6,23.520552722389226,Rainy,1,0.19937910370000977,211,53.61644538190026
0,0,20.69254173745354,Snowy,5,0.2833884096401832,351,46.33835823446401
15,3,25.10288103832825,Sunny,6,0.25525809550318956,255,40.282143216043835
11,0,32.888176322659675,Snowy,8,0.12610025282343684,127,43.68983800156856
4,0,20.967806400171206,Sunny,3,0.21308399352154847,65,57.36049547934473
4,3,22.427961597883932,Sunny,3,0.1884504553039118,376,1.2055752424080395
22,5,7.688790174648263,Rainy,9,0.25944221451575256,145,26.81016863915237
8,5,26.529073577258885,Snowy,4,0.24484650952238984,196,52.309692348182395
8,3,16.997156204124686,Rainy,4,0.2380811443822144,51,72.49939376869098
2,6,34.30175715987737,Sunny,7,0.1681089670959794,59,18.241512547144236
18,4,29.69522046786981,Cloudy,2,0.2609927460798509,483,55.14123620495586
15,0,20.67443121548355,Snowy,8,0.11047825911897224,174,71.73150870469239
15,6,8.696679625164982,Cloudy,6,0.13192498028643346,130,45.01813813347656
2,0,30.782473798417673,Snowy,3,0.16712465459558234,189,3.681032233335054
19,4,28.99343286272065,Rainy,9,0.11536148821385626,375,45.477547688098035
23,5,10.53755388611099,Rainy,5,0.1469988555069383,199,30.34804388667116
21,6,13.858348676609303,Rainy,8,0.2660301965995836,337,93.0353111624315
23,2,28.80221774443512,Rainy,7,0.28965030755801585,410,13.336725182154408
0,2,10.55685339642229,Rainy,8,0.1609204711548381,389,65.59511959521598
23,2,32.53257467514132,Cloudy,7,0.15290316079776764,178,6.219256867115614
19,5,17.735822755890858,Rainy,3,0.1559785304492854,487,45.170873343456954
10,5,7.611168877629759,Sunny,2,0.15554381747016877,288,55.843969234787984
16,4,29.472459305128428,Sunny,7,0.1071860364371946,107,30.49753820036968
7,0,16.20529049115163,Cloudy,3,0.2853832692662216,247,46.05248791651806
3,4,20.79497582461343,Snowy,3,0.14273962831406567,260,17.19182565848855
5,4,8.369130332336574,Sunny,2,0.184000814816281,451,31.108261097335582
7,5,5.077520445349472,Snowy,4,0.10193737654819356,439,62.489526166110096
19,2,24.13955617379893,Cloudy,8,0.27159101818301146,94,30.878205530254355
2,1,20.455255110011947,Snowy,1,0.24623146889098343,146,90.0745647624783
15,0,22.806157073694415,Snowy,1,0.2893512070347406,328,63.212288806457984
2,5,28.81231551141549,Snowy,5,0.2563230958392798,72,44.426252825162464
17,2,24.398177402685803,Snowy,5,0.16274130241041304,459,4.836936619864065
13,6,10.243203284821316,Cloudy,1,0.14957467174568473,440,50.455285185262454
17,1,15.823175573317995,Sunny,6,0.23954326151065858,384,76.71284797038383
1,1,32.17673314363281,Rainy,1,0.1728225550020999,93,27.29020220322895
21,5,28.098341007550367,Snowy,5,0.2132430031505233,76,80.87058339522797
2,3,21.699111738101518,Sunny,9,0.10125149420529406,331,25.928869839037265
15,0,12.66934993427817,Sunny,5,0.11237714033609505,146,82.55089240712924
8,1,14.061815055043851,Cloudy,6,0.20707358823633024,85,9.441565819556063
3,5,26.958742027569038,Sunny,8,0.21321432928963302,158,86.75218717803392
0,5,30.535227825583124,Cloudy,1,0.2502905888918687,104,50.41945864239972
3,2,25.142740085918433,Snowy,2,0.12639306392479235,241,30.357221372405938
0,6,29.285899273053253,Snowy,9,0.20263661675135575,268,27.24621179109973
13,3,27.99968405601218,Rainy,3,0.1388895288863377,234,43.769045334105904
20,0,9.491119038708732,Rainy,6,0.11863922391253895,118,99.90590031226085
15,4,17.71834438739906,Rainy,5,0.18209915881211092,366,22.812411950320673
19,6,9.58951402485688,Sunny,2,0.13266732961781144,179,11.218448239020962
23,6,12.057067544059544,Snowy,7,0.14435639563846372,104,58.91848170314753
7,2,31.077788739531577,Cloudy,4,0.16351091597390036,427,49.36570417758546
6,1,19.186758968995463,Rainy,1,0.15187768014863925,146,52.895430835267426
2,1,21.060743055279826,Cloudy,4,0.11751825948118928,385,67.02660633816448
16,2,10.353378956833163,Cloudy,6,0.11798324897194046,136,27.447262917194283
0,5,14.368153581463881,Rainy,7,0.13864988304683362,343,91.15583454300496
15,1,11.907385052836098,Snowy,7,0.11011183759190779,168,44.13153454610675
11,3,11.185584935552793,Rainy,7,0.2252914039353854,257,13.779533319103717
18,0,24.138823799479102,Cloudy,3,0.15746534330178039,383,74.48757691666049
21,6,12.706515429371445,Rainy,6,0.1559491935538142,462,64.66733090916718
22,6,23.960464580612555,Cloudy,8,0.16639965884755303,203,32.25859684591967
21,3,6.753638423256617,Cloudy,4,0.2325592548419443,84,62.530353679370805
13,1,9.253231805813055,Rainy,8,0.2741267762966981,128,22.76633368052871
5,6,13.23620762000376,Sunny,2,0.25181738651112767,116,45.039096574712424
5,4,22.91140750687075,Rainy,9,0.245505846045019,392,90.0418396945652
12,0,25.27523735262128,Sunny,9,0.19687823712016983,462,14.219889082914193
18,0,18.281509003385814,Cloudy,8,0.23876111139348236,83,39.28294854875874
21,6,18.37372743731687,Cloudy,1,0.21055247360671664,146,82.29310004731438
7,2,26.735505541958542,Sunny,2,0.14325010563730578,218,96.97959904121164
1,6,5.474632752967473,Cloudy,6,0.14171767354821013,218,45.9386875057578
20,2,15.232700734226617,Sunny,5,0.1592784013750567,200,51.1929623941914
0,6,29.56121171357698,Sunny,9,0.28216053419396264,120,57.6450242165932
14,4,23.096582306401167,Cloudy,5,0.2094829680759452,52,93.30246602173737
0,5,15.116813982662611,Snowy,2,0.2467810754003739,363,85.96247230672594
4,0,32.16574376989021,Sunny,4,0.16931175196330953,81,17.88951133754279
15,6,28.178681823481476,Rainy,9,0.18154315413304506,336,44.23902396686043
18,4,12.946863417102001,Rainy,1,0.12511311572745026,131,46.9360423914462
3,2,24.358695125771508,Cloudy,1,0.13425899156433407,92,79.12051505322691
2,2,22.8725218456687,Snowy,7,0.26547131096522913,440,60.68639537793809
16,0,17.035637421169483,Cloudy,3,0.2169677263377764,154,65.76782574087228
16,3,16.00868237614402,Snowy,2,0.16750649317676378,50,99.82179085889615
11,6,15.306814243271118,Sunny,9,0.26057024179910915,110,8.421044303531293
13,1,23.514673501869403,Sunny,3,0.1493039811275966,319,23.077972529839567
20,2,18.272298094420087,Sunny,2,0.29520653972004074,229,41.38169779978314
5,5,29.95589339754266,Sunny,8,0.16896352154923394,273,35.43045790183983
2,5,25.088078484018858,Rainy,6,0.16746219083024552,55,3.1429105733513754
8,2,7.097948171283024,Rainy,6,0.16238238110734105,152,10.085983040646408
4,3,24.205046714844983,Cloudy,7,0.12442230318485759,59,68.41437584895404
23,3,13.134423095005545,Snowy,7,0.12222742946640248,120,88.0531218728935
16,4,22.78435974960268,Sunny,6,0.22962100690682466,139,51.90847411533178
13,5,25.40395793310354,Sunny,4,0.2750236089116094,275,54.379916871849666
20,4,11.924875674620363,Snowy,9,0.25810410205433465,207,26.25424985040556
2,5,18.70575934641106,Snowy,6,0.1282215188042702,277,77.01975999973743
0,6,10.709745884572033,Cloudy,4,0.20911642435841327,454,75.42766414935838
19,6,6.570166273595249,Snowy,3,0.12111830919532801,175,59.24820323254801
20,1,16.35429270457607,Sunny,4,0.1090589287226155,493,22.053764364622943
22,6,15.88832815537976,Sunny,3,0.23127717187695343,258,10.604803605471856
0,1,34.864414721127716,Sunny,2,0.20703046673607006,146,7.3596190098554635
2,6,18.390570535929264,Sunny,5,0.11640473704229418,123,59.6769105976449
17,0,15.007086484166013,Sunny,2,0.1069878492811977,164,82.6784965951372
9,6,22.414250201500238,Cloudy,6,0.2979512826818669,240,85.97471274631155
21,4,7.663021823233054,Sunny,3,0.10600426642981438,219,46.89858536000153
2,2,33.8499720786444,Cloudy,6,0.18890565061003192,356,78.64285863136497
7,4,24.048801367730995,Sunny,9,0.2009238049215391,497,94.74113943776133
13,2,27.645134598225432,Rainy,1,0.12345602956008901,253,28.241841136318733
23,3,10.114338145217527,Rainy,6,0.13381235568794325,105,40.39807429169496
17,4,17.284335590156118,Rainy,9,0.1703610012820705,257,93.21642026707138
14,3,17.680673401885684,Rainy,4,0.2523351752427325,90,34.484865764411204
21,1,29.654193317032604,Cloudy,2,0.20141648481205332,81,91.47375274185784
22,1,5.037100392782284,Cloudy,4,0.2275803749105923,64,98.12344136319211
1,0,14.025593250597652,Snowy,1,0.29703491101813495,111,66.51926212886805
9,6,34.437091230329116,Sunny,3,0.25360108706264195,204,81.87213866091267
1,4,19.246596305186557,Rainy,9,0.18687229962824353,333,75.20501085788743
16,3,16.47578840732025,Cloudy,5,0.18928838435930972,258,70.25389150393686
7,2,8.594870060529392,Sunny,6,0.223754415408201,369,31.386176225142023
0,1,34.22493885884047,Sunny,3,0.23307304168378087,236,6.6523394528864275
8,6,5.600790677774734,Cloudy,5,0.20014218516733426,491,34.96212151944541
10,1,27.115406750217293,Rainy,8,0.22897224456299597,179,67.02666253518676
21,2,28.057994143655254,Snowy,6,0.10470649888281976,176,11.150390624552337
15,6,12.309701481915999,Sunny,4,0.1859245727793688,341,2.179880314845967
6,6,25.14675330839112,Snowy,2,0.15578761521469536,163,14.829544887690927
9,3,7.787874331381698,Rainy,9,0.12583488904862208,248,71.85785671466874
22,3,12.711417992962396,Rainy,1,0.11990930256175503,62,97.30657646398795
2,4,28.63705964876795,Snowy,1,0.2206384331229335,320,98.32340526186722
17,4,30.940585761006208,Rainy,4,0.20472010943052232,138,49.903935764878604
23,5,23.25459237979374,Sunny,7,0.15071682339927384,264,87.0658777982424
12,5,20.205152954614476,Snowy,1,0.1941900117545029,493,73.9458191193989
6,0,9.779120618569408,Rainy,9,0.19844646303648167,327,50.60298346147574
3,1,6.8932709923745055,Snowy,4,0.13900179608772317,496,57.70329276255359
12,4,8.529470854206759,Sunny,3,0.23041861237633013,252,14.585487515070236
19,3,11.820719002882964,Rainy,1,0.2561838712772181,123,93.82848460104262
0,2,15.250235056907625,Sunny,4,0.2582927081779038,74,35.8410473024459
7,3,16.427285765329614,Rainy,9,0.220493966140691,150,45.16877638925978
13,1,15.389653057670106,Cloudy,6,0.20232771650380282,225,67.49436286879198
15,5,12.171659965917968,Rainy,6,0.11220142860107898,476,34.05634468112884
13,3,20.291727402550944,Snowy,1,0.15756625977032118,166,26.17165693790412
11,0,29.758583246986905,Rainy,2,0.11865428935563399,215,63.473889933751835
18,1,13.391106154144376,Sunny,6,0.2927646321756947,90,3.4734241459030955
22,5,33.271610573066994,Sunny,2,0.12701602924515215,478,72.35178609064121
14,2,31.200099851715436,Rainy,3,0.13035508197022042,393,51.888313617774465
1,5,9.852926340563288,Snowy,4,0.2779153236660984,473,60.96961932157251
1,6,28.588278702712834,Cloudy,5,0.28878565669529155,415,63.556135765441624
22,0,22.237621469533,Snowy,9,0.25316580784698195,169,53.1779654927638
21,1,21.997260865142557,Cloudy,4,0.10108098473453397,146,58.67084396663286
18,2,16.73128289174523,Sunny,9,0.10026925419131275,194,68.69503188809759
21,0,20.034589975460293,Snowy,3,0.17562015395749014,265,75.55876587078774
21,5,16.91536332287633,Cloudy,8,0.1286790740021785,278,73.01778673732593
16,0,21.191978562798283,Rainy,1,0.10367722843031946,362,87.0920293154939
19,1,23.838501583179074,Sunny,9,0.19281333788090094,179,19.75489988357287
9,4,25.229114192271453,Rainy,9,0.2886123794813943,401,40.71364897968795
5,0,20.974435776782784,Sunny,2,0.1647639149804863,426,94.83181053543126
14,6,26.64266201986195,Snowy,4,0.2322281356857393,367,40.26246686424664
21,0,9.238341478265173,Snowy,8,0.23044707062648814,186,13.362137613686343
10,5,11.359474727067155,Sunny,7,0.15021602073303356,373,53.01906750985577
4,5,29.562050122228104,Sunny,1,0.23008504976477287,386,11.839606282891754
0,2,14.675839335392455,Sunny,5,0.14246679485737826,322,21.082470634058655
7,5,5.686814749283608,Snowy,7,0.12440148271537782,166,99.83355690052471
20,3,9.613734490040933,Cloudy,4,0.24027665711193802,355,54.59490120121706
11,1,11.708433034889337,Rainy,1,0.12268816342078336,417,29.121780515002474
11,1,33.719686636837615,Rainy,9,0.299381843717871,143,99.4827205028167
4,4,22.191242867925478,Snowy,5,0.13669048023004587,217,96.68933293695918
6,4,32.98192221428764,Rainy,2,0.2188283725512915,491,44.63316506734209
3,1,22.254900514898747,Sunny,8,0.18227491428251788,252,26.779907770002932
5,6,19.380633204135552,Cloudy,2,0.12527728448113343,390,84.0015641711268
12,4,14.411830735822882,Rainy,3,0.10556878151548268,198,71.8464509802068
19,2,23.191128333001267,Cloudy,1,0.22454645645856663,451,69.00720206534753
14,5,9.175940738525895,Sunny,2,0.2613515127578252,232,89.41826039092479
2,1,31.94784881878118,Rainy,7,0.2684031323013488,462,69.25229625326114
22,4,29.879972154238512,Snowy,2,0.19654269461538687,201,29.095996361113365
7,1,14.52594343630211,Cloudy,6,0.25549109343647713,123,69.69245302569749
19,3,33.58392582803883,Sunny,3,0.23456942669770894,414,31.275537617082733
15,0,29.756023022467044,Cloudy,4,0.24485090549982663,450,76.16465898604251
12,5,24.989206575051192,Rainy,8,0.19851980104436281,323,62.355037594665035
17,1,8.652857333758243,Rainy,3,0.2266823480484254,91,8.663743646490307
9,0,19.347020691442168,Snowy,6,0.2611051827152114,261,51.770700881079065
18,4,20.183226645402527,Sunny,1,0.1795768351114046,150,34.98679595037835
16,0,11.976540750961403,Sunny,7,0.26119578017351675,94,33.528492640497134
23,5,7.398961830779058,Snowy,8,0.21840336855781256,131,60.62337393534847
18,1,28.30170891415078,Snowy,8,0.13318020487415724,66,32.910157622473065
22,3,8.661051563731851,Sunny,3,0.10493683144491693,122,77.91248107228239
4,6,22.82872251685324,Cloudy,1,0.1725507200798304,63,8.00835216510627
20,4,33.093475216509816,Cloudy,9,0.20933926565926797,482,66.37843698718672
22,1,31.283155777941275,Snowy,6,0.2679640704406977,206,81.11028556201738
8,5,13.332578712477833,Cloudy,9,0.12549713602804924,272,67.61033730212257
11,4,30.54345912653796,Sunny,7,0.2600412695367158,181,50.22569030697958
20,2,5.009975183614682,Rainy,1,0.27260180921344535,387,95.08039435988194
0,0,5.530634288397716,Rainy,1,0.13013749740016675,453,30.693910490008296
0,6,23.07659491528595,Cloudy,6,0.2703188638608438,425,2.8976208649728
14,5,15.943946574335884,Snowy,5,0.2982907135685584,425,43.76694777488064
1,2,16.593825234774414,Snowy,9,0.2453677662096475,96,4.268181654132398
21,1,21.933232720366476,Snowy,2,0.2569539363649976,156,95.43973850011447
15,3,10.753473667755816,Snowy,8,0.2988830535117747,157,21.7818865290571
7,4,11.35266051996435,Snowy,5,0.22109625010518907,314,79.10377537093908
12,0,19.53804761056594,Cloudy,2,0.16157727640324987,254,77.68263623426212
20,4,27.627606330315892,Rainy,6,0.2675061668152111,128,22.555161068610417
0,6,23.58493254222763,Rainy,8,0.22289715550232625,204,62.501426517536565
15,1,13.920651447105167,Cloudy,4,0.2162390847441913,320,5.759817880158571
6,4,17.910115325267636,Snowy,2,0.15072711110280765,296,48.87388398468288
4,0,10.119942756499952,Cloudy,5,0.2512668539165773,68,2.450065599976187
21,1,7.238894430112452,Rainy,2,0.11633345517201926,395,92.19324413790333
22,4,28.480881222324477,Sunny,2,0.28485741415893223,485,97.63251639575759
2,3,12.961622275645837,Cloudy,6,0.16516469215409696,75,23.00599389721994
11,5,10.332991635537446,Snowy,9,0.1255549305579981,266,21.602497425040905
15,1,25.74854166707958,Rainy,4,0.18847330662048375,203,75.61829747965083
18,5,23.54155022861558,Rainy,6,0.10849398185130664,203,26.084560484104113
4,1,23.99568878040392,Rainy,7,0.23692523885299324,223,89.61257935702265
21,3,11.866838145398408,Rainy,6,0.28054110208907124,141,57.818984476175245
13,5,11.979366156880431,Snowy,8,0.2674526014277018,482,35.7269846780209
4,2,11.624078893569173,Sunny,4,0.1254738946895762,387,83.43668088859259
14,0,10.212577869868834,Rainy,1,0.12525422742154638,230,49.847263340926126
16,2,24.67171017684969,Cloudy,7,0.26268689646485277,180,91.25165845713907
13,4,30.440476557482043,Sunny,3,0.2848508549206232,499,92.87340943620872
19,3,26.729524090299837,Rainy,6,0.19213396596669782,347,17.376595060712525
4,2,28.762809012816295,Sunny,2,0.19979422338275318,324,1.2300172070610969
11,1,17.143952872555992,Cloudy,9,0.16365240827714517,322,98.40916307409782
15,4,24.622273861159943,Rainy,1,0.2788530236512828,466,90.70761607662045
15,4,15.627087213343236,Cloudy,6,0.2289805810584712,125,6.4890783346803
20,2,20.7651386590592,Snowy,6,0.1576503154334737,226,83.47039213016592
6,2,19.449045396045868,Rainy,5,0.15975657421085032,233,46.322688323361454
3,3,10.30661435431563,Rainy,5,0.27824001461272047,368,26.637198897472548
0,0,16.612362810068923,Rainy,1,0.1027268047811643,180,87.99590584401605
4,2,33.914668264470535,Rainy,5,0.16454531454532767,412,20.47005600664042
22,6,12.457407731448262,Snowy,2,0.2108713362432738,98,94.78269994258663
9,2,9.01411208838466,Rainy,7,0.12964349241986492,104,21.356527282234765
21,5,17.55741864871806,Sunny,3,0.11841975083991796,203,61.75463558514561
4,1,28.71013207580444,Rainy,4,0.263055266218112,404,23.08554711836851
3,6,22.464446893399167,Snowy,3,0.27888087772970144,249,55.02119783189484
1,6,25.429244817147335,Rainy,3,0.2647212841596379,357,68.713537861599
19,5,10.690845445240315,Sunny,4,0.2797575779474695,405,19.83256515119362
9,5,23.568445790231646,Snowy,5,0.21062239421167428,422,52.56769248736724
18,4,14.705011847344213,Snowy,1,0.26245162419806833,167,47.43691469462178
0,0,30.029100978643026,Sunny,4,0.17680852767822008,312,8.032704718930782
23,1,23.878964180322086,Sunny,8,0.2332535722958077,95,82.01247394985499
4,3,10.965688333258878,Sunny,7,0.29776710627783287,351,34.23255766364133
12,6,6.938500395322585,Sunny,9,0.14514554476782549,405,57.88363755763608
3,3,6.2789962786109825,Sunny,5,0.1779799492582161,449,51.963639258380304
15,2,16.142257029504222,Snowy,4,0.19600947546201714,457,51.812789952473786
23,2,12.975534099629405,Snowy,8,0.12760309740401035,238,11.615017026640258
15,3,24.38270370387524,Rainy,9,0.11620772209301136,359,42.92471891568395
22,2,19.98001504935855,Rainy,7,0.26594457326432486,367,45.78430916145045
1,0,12.980578340161422,Cloudy,7,0.29535887456551724,178,73.6306411960804
16,5,9.477133338505283,Rainy,5,0.18094501276593172,98,84.16186436014915
19,2,8.815992880623487,Rainy,4,0.11752996723893067,74,54.95324553190178
23,4,30.93981176421253,Sunny,1,0.1131623521381153,315,9.591512452434058
11,2,12.304339052146016,Sunny,7,0.2782636412720597,167,24.44809758905808
17,1,24.55131943732905,Rainy,1,0.192762849945536,193,17.328468658420377
2,0,29.320577839587987,Cloudy,1,0.1640054633124784,491,13.33689125572335
0,1,23.422439335542084,Sunny,5,0.19529225424787988,249,37.22403056316295
0,1,30.786956949408374,Rainy,9,0.16366081893846945,206,23.709956713283823
18,4,16.771811645854235,Rainy,6,0.197807155061524,397,22.612008069339716
10,0,33.68666571946845,Snowy,3,0.2719112793835874,183,6.414624283050498
4,0,8.994350125342908,Cloudy,3,0.21846027421241915,449,2.7493344347479542
11,0,8.064485889726143,Snowy,7,0.23893075456203508,197,11.174056022328397
2,0,24.760764386223308,Cloudy,6,0.17293413524686732,385,18.04755046293967
0,0,33.28493424239785,Sunny,9,0.24770117570210373,120,43.66738915597211
0,4,29.266503849089844,Cloudy,6,0.23332341697587447,282,51.54150586858562
7,2,7.292505783141543,Rainy,5,0.12391239955041129,383,14.918599899163192
9,1,13.381031418041491,Rainy,7,0.21452857062311692,348,43.05355081089444
10,0,32.90956654513471,Cloudy,1,0.1513486992619516,203,34.833135390266804
11,6,12.591752984023536,Cloudy,7,0.2608191339267185,139,19.15894070629765
12,2,28.435112713607577,Cloudy,3,0.18518754169338789,383,1.6772340666879915
11,2,29.753965877861113,Snowy,9,0.2989368330392974,248,47.23476878565243
13,1,19.863563103829453,Cloudy,6,0.11850008758779276,210,68.87952317725474
1,4,16.590467295449464,Sunny,9,0.2560695725480317,75,23.401456080236894
18,3,18.50373297259279,Snowy,5,0.23474034670843127,170,14.048876159771256
17,3,11.808940830960925,Snowy,7,0.25349976611814107,350,88.81723170024922
2,2,31.681727483865327,Cloudy,4,0.16150595909809126,261,28.22745247629198
22,5,18.518589701892736,Sunny,7,0.1984108978764801,112,23.137649359473812
16,5,31.473783213682996,Snowy,1,0.25930170394474167,485,85.85259702138167
7,1,8.170804397188222,Rainy,7,0.146508266324171,117,81.89360281750936
9,3,34.64825813000394,Snowy,8,0.14520663935773043,302,45.38630058193873
1,2,18.298192623308548,Cloudy,5,0.21021019065898647,459,49.434647281349676
18,4,6.434924611823164,Sunny,2,0.20471271590597115,51,22.557121778568177
8,3,6.140655447123647,Cloudy,5,0.15645249408258657,447,8.751865377476193
6,2,27.386217724455157,Rainy,6,0.15961513010496456,157,57.769750710210445
3,2,24.77106602611042,Rainy,2,0.1555690326413131,335,10.7361472374311
20,0,29.063916743827626,Rainy,6,0.25430241239969753,98,45.47818014870833
17,4,8.16102601858418,Cloudy,6,0.23038017311249212,189,94.10922265278806
12,0,6.067126011066451,Snowy,1,0.26648343668205055,267,95.33060452788786
10,1,20.257378683427355,Cloudy,1,0.2950946056628043,93,24.6938963681885
23,0,16.627856944483085,Sunny,3,0.19483285925439728,466,62.78722858451979
3,6,18.85840810012867,Snowy,3,0.11333877628108978,318,47.93355014667791
20,0,34.74765226610822,Rainy,4,0.1096184620824071,127,87.69282763102449
3,6,34.12249873012011,Cloudy,2,0.15913300785432383,265,27.87165556332927
9,3,33.26946169019578,Rainy,9,0.28650891787049015,431,1.3665382764092682
4,5,28.515280303030217,Rainy,7,0.20464261099417497,147,17.093559387210096
8,2,15.645240807706712,Sunny,7,0.15435730321602584,285,35.602757315770404
23,6,17.36392790788315,Snowy,6,0.17983335890220392,331,32.25639184727837
2,4,21.488481311567735,Sunny,3,0.21971902148093414,198,79.34492899316571
16,0,29.9160336921452,Sunny,6,0.23058993162756844,461,68.37550594774494
2,6,7.061384975548033,Sunny,8,0.13078390195658102,353,30.65607564187483
15,4,17.728906576546642,Rainy,8,0.29540633530903515,473,46.316637899455124
3,5,7.47852990377806,Sunny,9,0.20895444539655778,115,10.460351291875186
17,5,20.439727597205348,Sunny,1,0.12713766355845585,283,89.91649803718998
16,0,31.967024720187062,Snowy,1,0.27872705066922676,136,93.60705762040487
6,1,28.474547736918137,Snowy,3,0.11492768621588577,128,98.00055000271287
23,0,11.835272526293299,Sunny,3,0.28154708663550254,254,86.98673024779794
22,3,34.27972548796377,Snowy,8,0.29931313125779646,328,18.222127881926326
4,6,25.02051194139285,Snowy,1,0.24008635983130078,386,5.5734518369612545
11,2,5.312830981922092,Sunny,2,0.25408944421479795,303,58.380076013854726
16,1,12.662404540556587,Rainy,2,0.1674605672934973,353,91.34789766142794
22,0,12.821398997597496,Sunny,3,0.28831537054678674,429,18.557784804314544
12,4,7.0776291885757985,Snowy,6,0.20594279322167353,179,1.697248547790044
22,1,33.79479554227787,Rainy,1,0.24647768931951097,133,80.74410855719219
2,6,19.347658837277713,Cloudy,2,0.2848215431822559,325,8.602772744386666
8,1,31.87443792115646,Rainy,1,0.29503599519510165,236,41.95689715909301
16,6,14.666465103338851,Snowy,5,0.2666408713193349,95,68.20984638168972
16,0,8.757007112984814,Rainy,7,0.160603501396406,436,24.442960960161834
19,6,19.230083297186418,Sunny,8,0.2933095033104165,232,9.312293781225943
15,1,8.418699041429516,Cloudy,1,0.22562390624871434,317,77.23210161712704
21,4,19.580465089326196,Cloudy,7,0.28612849527039197,345,63.3873334038171
12,5,32.60891543658224,Cloudy,5,0.23522100516287037,371,98.86055796419367
18,1,20.623044255026382,Snowy,1,0.1614477923695441,149,35.08649529867597
16,6,23.494991806852504,Snowy,3,0.17400490482856318,127,7.11447624272977
3,5,9.69915310921425,Cloudy,7,0.21009435542058807,321,73.70065349819428
11,6,6.312068776399085,Rainy,1,0.2580029683119764,388,52.651608466471316
8,4,8.32423886539421,Cloudy,7,0.16359651026806699,211,22.10718920752437
18,6,22.95594727053097,Rainy,5,0.21594623322683842,93,78.39116991147118
11,0,7.85035096976914,Rainy,1,0.1691249987152803,287,21.17179309914443
8,2,16.27978669823934,Snowy,1,0.2631538809270214,183,26.805503828460722
6,1,21.50275821374468,Rainy,1,0.19334561875359008,241,10.160326882305196
13,2,16.65958395889541,Cloudy,9,0.11534456537057705,405,40.54379562405459
19,6,9.910514043959044,Snowy,3,0.13321050429630726,327,42.47399316980447
18,4,13.213739225423195,Sunny,5,0.11222093352392647,67,51.94161724448154
14,1,32.849525985457305,Sunny,9,0.19986058920286504,61,71.18746244525397
15,6,25.279468267590662,Snowy,6,0.12126745946964544,229,90.70399193936215
20,5,19.8814351603966,Cloudy,9,0.12282799386192643,172,14.635675789893055
4,3,5.381446699606806,Sunny,8,0.2882096520076754,295,6.380461736517049
2,6,34.77246201468411,Sunny,8,0.2745310144352111,271,2.834592125838995
11,2,25.143648046839296,Rainy,1,0.19041731936227319,422,15.218516428812809
19,1,14.507674320348348,Rainy,9,0.2971610641700412,100,66.13699909238096
20,2,31.378059799935148,Cloudy,6,0.10003730563413263,120,73.02023072165316
3,1,12.752948608754544,Snowy,9,0.22279589125467875,97,78.86406563928409
20,6,21.320497375482546,Cloudy,3,0.22328563547437402,68,25.127112978529922
22,0,24.082122911894754,Snowy,3,0.19148861117397764,311,31.28358651289047
15,5,11.631901143611854,Sunny,6,0.17938959458685858,133,48.830329910984446
6,6,34.35191836401788,Rainy,9,0.1910766270961215,204,7.255126589162423
12,2,27.445757179369927,Cloudy,7,0.1829920872159361,102,61.50301079791337
20,3,21.734396765332097,Cloudy,3,0.24609849549645987,156,98.38976833390002
9,3,10.417837945259027,Snowy,3,0.1270710869946568,406,36.719824826422254
6,4,6.6157462099407836,Snowy,2,0.13952784411822602,353,75.53190003404701
13,1,14.601794975629504,Cloudy,9,0.1361036456784847,184,50.50335764139119
4,2,27.595620077402085,Snowy,3,0.15249411702425292,492,13.65337259167789
2,4,13.079938949060752,Cloudy,5,0.20505168375631666,118,58.64150743145605
22,2,21.186686614865152,Cloudy,9,0.12224174946764375,60,30.68755257596243
10,1,26.838415301922296,Cloudy,8,0.2736338590653008,192,4.405917636892365
10,6,8.23831143939393,Sunny,2,0.15947230626169445,241,63.858043281656634
17,6,25.558940483476203,Snowy,3,0.13250759749374158,436,86.03430258314803
14,3,7.756126631301341,Rainy,2,0.23512426191964866,427,35.132206923087544
11,6,33.95389226380989,Rainy,8,0.10761726011986386,118,39.63925917406428
8,6,19.651823901948188,Snowy,6,0.22399371297483284,72,89.21114661375394
9,0,9.520283231296322,Cloudy,6,0.23963968613529996,230,81.54727252336824
11,3,15.271509081006394,Rainy,9,0.14298330627734385,342,71.78032953162594
16,4,17.402493478857842,Rainy,8,0.10839281468872686,58,25.630909311561645
5,5,27.74555033229612,Snowy,4,0.1727290717838899,320,91.11144884169781
6,0,27.302713582298278,Rainy,4,0.1197188460483873,436,16.287159996382087
13,4,23.35821516011993,Cloudy,9,0.12329556993466742,142,63.05028142230496
12,1,8.177921376754789,Snowy,1,0.15085224628897292,66,3.8513168741053514
7,0,9.547081147630207,Cloudy,2,0.15909358492535186,203,64.72826082616965
9,4,7.812707619366699,Rainy,2,0.20599406820428412,454,28.437290835462623
8,1,22.315183498626503,Rainy,6,0.2356783771006026,377,45.51802074118828
17,3,31.31415324534212,Cloudy,4,0.21855418817403693,198,35.18119065364826
1,5,18.014015367643154,Sunny,3,0.12967206745790336,426,18.10291886837478
4,1,9.825445218732387,Rainy,3,0.1344172064905253,316,62.576098219293534
4,6,21.74126975446901,Sunny,3,0.2757538499585829,471,88.31557995892014
5,2,29.352566505971296,Rainy,6,0.21167046301282272,377,95.94933998595793
18,1,27.2513618453879,Sunny,8,0.2739875665795378,155,20.042289952237592
7,1,31.443523390250643,Sunny,7,0.17430930226397487,430,72.01990463223437
15,5,13.337062917466035,Sunny,4,0.22288000148626474,84,66.76959729396255
12,2,10.818616018033246,Cloudy,4,0.20473268321092214,168,34.994401167882685
0,6,31.39449457825816,Sunny,2,0.16382469796409252,63,2.890820736018858
21,4,24.726809383340694,Sunny,1,0.19398307440671908,63,69.28933348397375
19,4,14.327867900226625,Sunny,9,0.2004981753653864,315,94.60399119539052
16,1,27.270441517175275,Rainy,2,0.14015419495133571,189,63.57989206964949
6,2,29.453551534411037,Sunny,8,0.16300207447534631,343,44.09397969457577
12,2,23.44934721023397,Rainy,9,0.2582819501013951,413,52.99023551705121
3,6,25.636523296397453,Sunny,4,0.2831576478908254,168,20.763251958331836
3,5,16.25779713327999,Sunny,8,0.17195881870905988,287,75.30387221162002
5,3,21.160870020291174,Cloudy,9,0.16139445644180364,83,74.89556317097505
18,4,20.724775121784866,Rainy,5,0.1390394329143765,218,15.40621273835507
11,5,30.441433733923155,Sunny,7,0.23569823373011625,59,87.91985986746624
21,0,30.19891940846548,Rainy,4,0.16461994033326746,171,27.64978420785722
6,4,29.980414080411297,Rainy,1,0.2975499078198377,450,98.24335003272488
9,5,5.330948427873974,Snowy,3,0.16513696041279063,194,38.90739838968734
18,4,27.48636453406665,Cloudy,5,0.17882720935652563,495,18.610521814715465
6,3,27.760291703330147,Cloudy,3,0.22066683924240693,272,35.820291023219575
2,0,25.351364685654254,Cloudy,7,0.26033685863826095,420,44.577852541022125
12,3,27.687939736743576,Snowy,9,0.19390373306912673,306,7.861469530791188
12,6,30.25911114490126,Snowy,6,0.18453120675779167,317,58.24361974110566
17,0,19.10957162305357,Cloudy,1,0.2991275667189617,408,60.165611547021136
19,1,20.061506404653414,Snowy,7,0.10209872822798889,53,74.15411507959774
7,5,8.741421707341715,Snowy,3,0.27901305777024915,475,3.8878193367835863
8,0,16.561276491420855,Snowy,5,0.1298281651879475,446,54.58258322894918
6,6,24.30095539735353,Cloudy,4,0.2571850552417827,403,6.237835893795774
0,6,28.411993284418237,Cloudy,5,0.2235863119692596,155,70.41327777669869
2,3,11.516272930736317,Cloudy,5,0.16836945709961842,134,6.517070584397462
12,4,9.134686974777061,Snowy,6,0.27477499110420367,263,91.26105698582164
16,0,24.891260135014768,Cloudy,6,0.1025814455961984,170,70.50617412156515
23,5,5.056396505747319,Snowy,8,0.14533813041498472,181,51.231586743430555
0,0,10.351177529219894,Sunny,8,0.2133785592499072,387,44.708888404836316
5,2,5.872141410318612,Snowy,9,0.1703084520099396,246,13.936590410912975
20,4,10.006553535646127,Rainy,8,0.22207549906366553,68,29.808939566901646
5,5,10.439578397765157,Cloudy,2,0.10482203868173337,179,87.02695139706873
11,5,16.630207842511826,Cloudy,1,0.1232917860963425,61,90.5408283446869
12,1,17.06981374059668,Rainy,2,0.12541924804368784,130,1.0740231286825752
12,3,31.227874118307135,Snowy,2,0.13785672918320188,379,59.81950275627757
14,1,20.303291374964758,Sunny,3,0.19186628816010853,403,72.21076029348625
20,5,26.702142968368587,Rainy,7,0.2504257399087142,311,62.255951263303025
15,4,8.124120737608624,Rainy,2,0.2811077675857802,441,9.086296721769044
21,0,11.763162663910816,Snowy,1,0.26707450605684924,174,22.55476498109132
20,0,26.088303229360303,Cloudy,6,0.1393775743551367,356,25.783686470757218
10,4,6.584118814055842,Snowy,9,0.18823011044612648,316,83.34073849920388
4,5,19.597929867312594,Rainy,3,0.139882319551707,496,46.85674419458313
3,6,22.981068969888014,Rainy,6,0.15289436333343814,490,49.195992982182446
2,0,23.064369321574432,Cloudy,3,0.20070939630237722,432,93.55441160889634
18,6,5.687984338041261,Cloudy,1,0.11362180494470452,189,64.07150299661683
19,0,14.663240126875564,Cloudy,5,0.14363486591865465,378,89.96810245371373
17,0,24.09471953147462,Snowy,4,0.2870756322614234,51,46.194376678811764
14,3,9.469992084477303,Cloudy,7,0.1932232585316978,57,15.79418959331113
8,3,25.862469449841598,Rainy,6,0.18907730519557442,299,93.06362381333447
16,2,27.377756264410237,Rainy,7,0.10291343095025579,188,46.411806451086285
13,1,34.45907571338436,Sunny,5,0.14947994941166914,173,18.981510766003364
14,4,11.295259845692282,Snowy,4,0.27325848719643625,358,30.9371782900883
0,4,29.753920029983455,Sunny,7,0.13292568565173374,277,6.029456379205282
20,4,20.608897307559623,Rainy,7,0.18302498790694421,59,47.36175855418213
21,2,16.203877884325202,Sunny,6,0.10286618117340025,261,85.45968901911343
21,3,8.671302719755339,Rainy,8,0.19566709633411117,161,93.42446514466225
2,5,27.06516819462613,Sunny,4,0.10420422134524343,57,93.32761854286073
15,6,12.075727974310613,Cloudy,5,0.26392191061315995,341,13.397772537245928
22,6,16.142660056191374,Sunny,4,0.2649707534974207,411,38.823334368594644
10,5,6.876266806921053,Cloudy,1,0.25754843766047397,302,3.7946472054199307
11,2,29.04100747458557,Cloudy,8,0.15667281377822365,63,85.66136915217581
9,5,27.9976557191493,Snowy,1,0.26744744364436357,289,36.51682044010611
15,4,27.008474901269373,Cloudy,5,0.20859962652105385,487,63.48058576133124
7,1,13.983305314756599,Cloudy,6,0.1747616217734005,291,71.77494536965158
5,0,10.204402227978717,Sunny,6,0.2250659919408466,391,43.55462230457238
11,6,24.126597934106893,Rainy,5,0.1024682092120748,198,31.337791318474057
23,3,19.884991523396586,Snowy,3,0.12859217552015043,285,96.25907810147852
20,3,10.347574007139247,Cloudy,5,0.24845870763405256,355,96.48433427736157
7,2,25.57733813149591,Snowy,8,0.1488323217432306,216,29.65420043497217
3,3,34.733792954639114,Sunny,2,0.2196018234657499,69,48.48288457770135
7,4,27.41658763226113,Cloudy,6,0.17702052056460593,265,97.31157170734221
17,6,27.199591600568354,Sunny,9,0.27096115575985225,392,1.4819723578948194
4,5,33.509382587917756,Snowy,8,0.2904830611993287,184,41.85514658953578
8,4,11.088091027247065,Sunny,8,0.27671294567403804,442,10.945297418415874
3,2,21.96649894764321,Snowy,8,0.15412399893871934,178,51.40663859069766
21,4,34.389401451016504,Sunny,7,0.13883257380921646,459,3.442325499508228
16,5,9.958823329105236,Snowy,8,0.194886978724147,471,41.28294470767216
8,1,26.00755878333563,Rainy,6,0.10146683016723607,343,22.84920840374818
0,2,22.57430437915706,Sunny,2,0.10516187857263636,295,53.79752788341534
20,1,22.59437276566121,Sunny,2,0.2106581279246,238,99.60337126096927
19,0,25.930118825602253,Rainy,8,0.20408988083305718,93,80.25307440754801
12,1,32.88850768627053,Rainy,1,0.298916397807052,135,84.71856707081771
15,0,28.477458195540137,Sunny,6,0.14036836707275163,93,63.891233748549006
12,0,6.6840831024863,Rainy,6,0.15162078583209368,379,5.114424978953597
13,1,30.581840596271338,Cloudy,4,0.12270812846525735,424,21.47296992837027
2,2,11.766239897771978,Snowy,3,0.2835086019307489,495,92.58139108825844
5,5,16.30742494209116,Snowy,3,0.2555622488916901,427,37.24519867494637
17,4,18.851984408371464,Snowy,1,0.26446782229136945,439,11.260035921598762
18,4,19.42718002259209,Cloudy,3,0.28055275759290177,194,70.538131220754
4,5,18.055411977660704,Rainy,4,0.20497999734516764,100,30.646314669491208
14,6,33.120598826475934,Rainy,5,0.19023863829014473,291,27.616834377512998
1,6,26.180570229920736,Sunny,3,0.1660782947331233,343,99.79976810026777
9,0,23.93511937870119,Rainy,6,0.21784292286957108,457,85.95575357763877
23,0,6.4952608334882465,Sunny,5,0.1908556793579645,100,41.385844018416265
17,2,32.11739990781124,Cloudy,3,0.190313117321115,315,98.04585957383341
12,3,32.28170576025188,Snowy,6,0.2873855727462278,169,65.36120911850215
4,1,28.40639190290307,Snowy,6,0.296806302855826,249,74.46022273609627
22,0,5.210876114408575,Snowy,8,0.25929687786591615,454,4.1197912651389474
23,4,6.718407532328701,Rainy,2,0.25135161804938566,297,13.038920675457653
0,2,11.756711068054692,Sunny,1,0.23611163235582028,119,63.6754275231276
21,1,8.940482244347201,Sunny,4,0.13321497046670275,390,90.0033742822989
0,2,16.96508089111188,Cloudy,7,0.11182116417513091,106,62.75062888267197
17,1,32.67869174263369,Rainy,3,0.23814526302265263,431,14.268464537580186
14,1,19.16181302590995,Cloudy,3,0.2457572444513152,88,12.460244578386138
16,5,5.402078792964968,Sunny,5,0.10939459821962796,338,84.57440368658408
10,0,13.48237068736286,Sunny,5,0.2856103500457696,492,14.790931532083517
20,2,6.337847251188846,Snowy,3,0.11822812788893551,67,52.50296408989852
21,2,6.0886286784050645,Rainy,9,0.1571801067542405,489,4.674218676267925
16,5,13.271595592866568,Sunny,4,0.23447796255974088,269,8.98630697172656
12,4,13.268370160368363,Snowy,3,0.13397451888089526,362,67.56247849664362
0,4,28.61379807804812,Rainy,2,0.11108317768844889,293,69.22895963232415
1,6,34.24503958343335,Cloudy,9,0.16622929783282997,401,34.8054712542358
8,0,16.13621281669995,Rainy,4,0.25319431497103584,353,22.34536675906143
2,0,17.86660636583116,Rainy,3,0.18273573579705207,347,81.55731680497348
0,3,30.343683088580644,Sunny,7,0.23059458438158786,332,22.493219717519146
20,5,13.044170602865401,Sunny,8,0.21592381944562733,123,54.660679896971594
15,4,9.691454132103438,Rainy,2,0.10444369640511608,159,96.85267524542765
22,1,30.592688702109513,Sunny,7,0.29770799740914133,229,15.637391348375994
5,2,6.395017593201965,Sunny,5,0.10828561776387756,475,94.14675048197618
16,0,23.59098320598247,Sunny,5,0.29356054752969696,81,19.106412253798197
4,2,21.859785424004205,Snowy,3,0.2099728356728796,283,57.176877594299725
4,2,15.377613425050829,Snowy,5,0.29263180541301326,331,38.32376348391572
5,3,14.455685632920769,Rainy,2,0.1229507198827671,74,96.52793154868077
2,4,28.155731785448637,Sunny,4,0.19808170383710264,380,28.080660871191753
20,0,7.592738322876395,Snowy,6,0.13390081837321172,328,40.56614220648961
22,2,12.103529279341561,Rainy,1,0.11019497540448848,275,98.30315166768663
4,0,26.973461955142692,Sunny,4,0.2235058230124623,106,54.110568727658844
20,1,21.449617511792727,Cloudy,6,0.1415566841923383,229,50.76038144650409
4,3,8.839646256007592,Sunny,9,0.21753940365750918,281,26.52007033219514
9,1,31.464068428461804,Sunny,2,0.12247289638979714,431,70.4349924707337
9,0,16.803435396907744,Snowy,7,0.16639729428654054,392,2.4229222259999865
18,6,29.836051259665187,Rainy,6,0.25632651161064945,336,5.90175034052706
16,0,28.63139046583126,Rainy,2,0.18741030436843753,113,60.33650012644447
20,4,23.732763394151842,Snowy,8,0.22554908297946727,281,34.82578280802696
13,2,19.83443393885279,Sunny,7,0.2294915881491092,338,95.3783208478951
8,2,34.38652521145271,Cloudy,5,0.2687510087974587,262,90.41587838155579
13,1,9.348952171394512,Sunny,5,0.16498455888132826,307,71.65691960899402
0,3,26.754671826533443,Sunny,7,0.2374591125165035,67,81.99641253165234
18,6,10.73572104394367,Cloudy,9,0.2923231614092331,224,67.06585311710164
12,5,15.147893159970451,Snowy,9,0.2460486668715736,466,13.432628168305907
12,2,14.260962301195857,Rainy,9,0.1979740953435489,278,76.78879359923107
3,4,33.41107963216169,Snowy,6,0.22614348889838584,275,21.809004903165793
0,1,34.02068533364826,Snowy,6,0.24793657955262163,133,33.02084265491948
16,1,10.490463327041814,Sunny,3,0.22245515313877448,340,82.1041869981396
7,5,5.661054808925126,Rainy,1,0.10333516269796783,484,54.116035230951375
1,4,26.600241189893392,Rainy,7,0.13895469953744516,419,86.13413070415751
7,3,17.539698016114528,Snowy,4,0.26209364344309316,295,22.090496664483155
6,4,7.665207352626932,Cloudy,1,0.15453012946249695,451,61.170065422081834
1,3,25.512623167311276,Snowy,8,0.24631242391222677,159,9.2953062822779
21,4,21.35316584782099,Cloudy,6,0.17442404304833975,303,64.66303836046293
21,4,34.41550466003318,Rainy,6,0.20437686563158863,137,76.49086973977793
2,0,11.822284875841369,Snowy,2,0.11359465996388074,121,58.908158503893446
17,1,17.119336289796447,Sunny,1,0.1362451122099419,430,27.356918648382216
11,4,21.276374101862686,Snowy,2,0.2914393927038469,79,4.102924217027805
0,5,28.750999653600548,Rainy,4,0.27802761068938275,221,12.82543951246429
21,4,21.465159701601763,Sunny,2,0.23045502217981004,358,62.607994928328594
11,2,23.387004825858476,Sunny,1,0.19192891947714746,443,93.50760146740886
4,1,11.784411547698223,Cloudy,7,0.23515225857904476,392,21.446905993228633
16,2,30.407561842656794,Sunny,8,0.2237220578187878,485,73.76758876140478
15,1,17.858916409114272,Sunny,6,0.2137104511209224,226,86.77865526165512
14,2,9.228788825653078,Snowy,4,0.11183541437270837,188,52.56733566630359
22,4,24.92563743516252,Rainy,6,0.22656052213230138,243,67.25731378852211
14,4,11.482713595559225,Cloudy,3,0.2537840089142337,235,81.68651635093866
4,0,7.926875307178992,Snowy,8,0.2988163309291151,267,26.806840616318762
20,5,30.859607252128168,Sunny,2,0.10221571051886194,213,30.392671752536256
13,2,18.80486793465319,Sunny,5,0.24603469066213532,210,1.062124146217161
1,3,27.478511380873293,Cloudy,1,0.21435786318719607,480,96.34631895888245
10,0,13.717626794190652,Rainy,6,0.18681043521619134,62,91.83694456503814
18,2,28.60910404752999,Cloudy,2,0.12551403491427418,345,76.69225811218361
6,2,8.35807781064591,Snowy,4,0.18181702972697525,138,8.828526076688163
5,0,15.679201213845582,Cloudy,6,0.17087543659722707,373,45.3027860802513
1,4,34.341854539205855,Sunny,8,0.16056597779574844,91,11.087283643183728
5,2,28.81969149104018,Snowy,8,0.24617592466444152,452,2.576106459017062
17,4,19.917677909440645,Sunny,6,0.24014510425685276,259,62.002113556047135
1,0,15.193324146856552,Rainy,4,0.2178040181961823,278,96.12211229093866
17,4,31.164071000674298,Sunny,8,0.28773296265867443,399,90.38393431978287
14,1,21.34543277253547,Sunny,8,0.1699708768361709,324,69.97872667860503
18,3,27.752750536073332,Cloudy,1,0.1487603875420359,491,10.56741783232227
1,6,27.623230409484922,Sunny,4,0.2311806626196799,328,28.142239729557712
19,2,5.538370357054755,Snowy,4,0.1397628121874806,300,32.685615961643805
5,5,8.787613483778404,Snowy,7,0.16300210143668492,359,76.55185571681056
0,3,24.788880991842266,Rainy,7,0.14492048801497698,257,80.4226687442763
23,6,9.848594338576143,Snowy,8,0.11383071354370025,370,39.12550617600212
14,4,12.66480033966814,Cloudy,5,0.26549974832713463,189,42.37051566514336
22,2,33.399138625988215,Rainy,7,0.15090810858433223,329,5.406394888340962
9,4,21.805467751247356,Snowy,8,0.19460550066860413,83,29.62453512345734
18,1,27.521885209980415,Cloudy,9,0.1086630546508624,358,45.67723254058635
16,0,21.739422163479198,Snowy,3,0.23986789325052862,441,12.581321592140501
4,2,21.575408443481756,Snowy,3,0.16611220046125816,67,45.873478614747114
3,6,7.824557303770937,Sunny,4,0.248947345565842,106,85.46440541352224
9,6,15.309895778273091,Snowy,5,0.18248061209357322,161,58.55078095278028
23,1,13.472926960595352,Snowy,1,0.13915112128112492,54,8.814055648802821
16,1,16.721850968408397,Cloudy,7,0.2026350164564072,459,19.97546056419716
9,2,28.950325646729848,Cloudy,9,0.12610091192748796,463,47.97989066569707
16,4,16.157980037505943,Sunny,8,0.18810783197459896,231,36.78722783235939
19,5,18.55090457695048,Snowy,5,0.16346109548409732,62,36.51397493506378
23,6,16.921441714559496,Sunny,4,0.2823919168399266,388,53.397477366215426
4,6,7.802239159258868,Snowy,7,0.112185744344144,334,58.85519623735628
1,1,18.232164747523512,Rainy,5,0.2388034828211484,308,79.88929545734291
5,3,10.86827819133545,Rainy,7,0.1365502331974872,139,34.75568978278598
20,1,10.601698873191244,Sunny,1,0.16380901486644797,153,80.74116202101808
1,5,7.82108313302799,Sunny,1,0.18310281261241318,428,34.52251168215062
12,4,15.700129224252942,Sunny,3,0.28160301787499487,235,6.487865905182149
10,4,27.72445654368252,Cloudy,2,0.14851565321476504,299,55.864577449474325
10,3,13.293250717501882,Cloudy,2,0.11826176050893406,304,59.20233016458664
15,6,14.370473056565407,Cloudy,7,0.16373792079810473,125,93.51948431656415
10,1,24.28023973017271,Sunny,2,0.12093519410710668,435,72.88007128018496
18,4,10.875224377607566,Snowy,4,0.1257192971921105,157,91.85949259694951
14,5,31.90873791270603,Rainy,2,0.21477011959500533,205,90.92637381405795
22,2,20.605715697546636,Sunny,6,0.11218038661989867,131,60.85283691556597
22,0,18.428088209606507,Cloudy,8,0.10618617627871321,126,53.24844446830831
15,0,21.734605757876043,Cloudy,4,0.24288282029409955,307,56.18665574919639
10,0,9.981029402485863,Sunny,5,0.17232941896820891,176,97.85474996004753
21,6,23.40419415917529,Sunny,4,0.12507506984677466,440,77.54360148294893
15,1,15.893022099020314,Cloudy,3,0.15072255417194164,331,11.520324574447187
7,3,31.915590228938566,Snowy,5,0.2284173014704798,137,78.06441227135859
3,4,10.065626200330584,Cloudy,9,0.15510731342817025,253,17.883266840924364
7,2,20.21153311596323,Cloudy,8,0.19890422502408156,65,45.28770435155694
3,5,22.94337888107054,Sunny,8,0.12433906134533446,200,21.835507545476894
23,2,6.0015080535914365,Snowy,8,0.2176187275210894,473,69.26872348778974
2,5,15.910793742684207,Cloudy,8,0.1632155367686528,303,87.85366388311053
2,6,26.979057041024983,Cloudy,7,0.2253936869057433,237,29.745826651301414
17,1,29.611325223469198,Rainy,8,0.26167897646080457,378,9.119063379610576
18,0,14.394859844518471,Sunny,8,0.2223292838779985,81,30.550816709421365
18,1,28.957798171482537,Rainy,8,0.15914951251900414,320,67.56382393528725
20,6,34.03267631310166,Rainy,7,0.15114874030966008,446,33.54725262789054
4,3,30.706218082252825,Cloudy,1,0.1654841917466896,54,28.53310458782654
17,3,8.529319644779756,Sunny,4,0.13292410264730098,379,19.25908386784223
9,6,27.191909962566218,Snowy,4,0.136234370170004,357,50.25412626056892
21,5,14.590004973216342,Cloudy,5,0.25813822038003353,382,28.31893398756157
20,4,34.6524796823623,Snowy,6,0.176946515301489,218,73.37002456480883
5,4,19.560769494796613,Snowy,4,0.18719903611411715,230,8.585617797228068
0,5,8.67301695076823,Sunny,2,0.21880989311336224,415,66.73927027802044
4,3,26.755566440821724,Rainy,6,0.21793069903030954,227,24.518441442209216
8,3,14.690335951586416,Sunny,8,0.11347537430438515,192,49.43864684410871
11,3,34.91234471244985,Snowy,8,0.2663081572675331,411,29.322902281094798
13,1,34.39347373563565,Cloudy,7,0.1354653106447879,297,72.55409892506877
1,3,24.68402054061742,Snowy,6,0.24461432720993376,176,94.58539698491204
16,2,8.894793468551526,Cloudy,2,0.25453419762563334,312,91.79060116751151
13,0,25.60582993025087,Cloudy,7,0.24297990681826273,89,58.759195299265016
12,3,7.790914593800816,Sunny,5,0.21579552931082902,461,46.79842002244086
8,5,5.8809247730717695,Snowy,6,0.10292179942177658,465,82.0117504344988
14,0,29.68875338664458,Rainy,8,0.17207509847263414,404,68.64930990014527
21,1,11.292588430510442,Snowy,8,0.22096788587251623,304,19.172847307476353
14,5,16.370813786572924,Snowy,3,0.17749025918450773,192,82.27100214768703
23,0,34.2037216992852,Rainy,7,0.2726959789825626,289,43.459554550076305
10,5,15.105215055833098,Sunny,1,0.16176045506992306,277,19.709580337146335
15,1,13.894693438499457,Snowy,1,0.15870695849173208,390,28.897937689252753
16,2,32.546239988683254,Snowy,7,0.15319953861853158,247,27.48517599458589
3,1,8.322453359568744,Cloudy,9,0.1665561737921591,114,52.40149048574255
0,1,27.787472303438953,Snowy,7,0.21148099286283745,437,24.202638977109675
7,5,34.64196699958322,Rainy,5,0.24140305885451815,60,13.23308225275604
16,6,32.03888032323947,Cloudy,8,0.232513583547757,157,13.245394210762312
2,4,24.550037561192777,Sunny,2,0.2615435639962959,75,58.74434351677056
19,3,14.42182384978196,Cloudy,9,0.27718279909948496,494,73.74116959608848
14,3,12.629659435349502,Rainy,6,0.2632158084686702,470,32.831767874995734
14,2,29.577653146143835,Rainy,9,0.10378908067487091,200,4.430420271587691
23,2,31.39465741855086,Cloudy,2,0.24718359071039775,270,13.595263806764063
21,3,20.763047376370785,Sunny,3,0.1416799147236663,390,91.55476147336866
13,4,12.330198223593985,Cloudy,8,0.12658560854159653,286,49.860822299355846
22,3,8.388296252335206,Sunny,1,0.2276977569598271,286,45.9037081519023
13,6,7.6153840349549355,Cloudy,7,0.16394863908153898,268,4.766868652699
23,4,26.572323420615668,Rainy,7,0.11142343267408866,473,73.13506520937301
1,2,17.603561835431748,Snowy,1,0.12752594687967228,200,53.27874001227581
12,0,32.16079622833611,Snowy,9,0.10018588337399222,172,21.006012672565557
13,5,27.19013902180291,Sunny,8,0.2806447254689415,193,11.897302257924661
23,6,10.737812537437602,Sunny,4,0.10492359676824772,238,38.95539849956785
18,6,23.41332256447097,Sunny,5,0.1418911539019022,304,83.87903445530753
6,2,18.06516363194478,Rainy,2,0.18325255613758146,117,86.66416136090143
2,2,22.31749192305839,Cloudy,9,0.17131426519016382,153,60.681791659168006
14,1,27.142073700155514,Rainy,6,0.2823451753825551,385,73.02610629578412
22,6,29.185876430113723,Snowy,3,0.10805778914690843,208,12.400422952884165
13,1,30.312119792201727,Sunny,7,0.20244294153541031,358,59.22448048131763
10,1,12.619246237160741,Cloudy,9,0.23609589250487478,411,67.02960464523099
14,5,5.93346799752073,Snowy,3,0.2863395947362337,458,20.87057144846543
12,1,27.178842054943196,Snowy,2,0.22407425042474421,349,88.13531855811563
17,4,8.190311787673238,Snowy,7,0.26075104720235254,445,20.304677014580957
5,3,14.447587658389029,Rainy,7,0.11674498756906969,139,32.034258624798596
2,0,5.114514023730415,Sunny,4,0.17718790218738548,406,62.4351278553224
18,2,25.4500844720486,Snowy,9,0.1747894268958135,305,64.19665644794235
14,4,10.013960344136638,Sunny,8,0.27725764329114355,402,70.23908935774936
22,0,24.658472290749746,Rainy,1,0.130274234252655,269,12.089159593752361
4,6,34.752278515035165,Snowy,1,0.13037723446732605,58,85.09697856292698
9,6,7.180126148300489,Rainy,5,0.16571162997715969,61,53.751866096042725
6,6,7.312340358543821,Rainy,6,0.11089320947336752,374,47.66085761640177
16,4,15.211402780000247,Sunny,3,0.13649160813049802,487,98.12866482683745
6,4,30.99159542754026,Snowy,9,0.29304192770914705,293,74.29745139716096
21,2,11.465896063739955,Rainy,6,0.18563678797343458,231,12.682596635318113
11,3,15.811334597910427,Snowy,4,0.22640384168448727,333,75.89737755539782
16,1,7.055162198809387,Sunny,7,0.24522225186892738,361,10.42964446331408
12,6,27.89465873776668,Rainy,8,0.17339228140144008,148,3.7195856887855006
19,5,17.249190282783534,Sunny,9,0.1294454148821034,246,40.95896363171981
3,3,27.777461991825284,Snowy,6,0.14131620324435618,415,99.36423910910266
9,5,32.10823533040386,Snowy,6,0.16265329531612208,275,18.3135096832914
2,2,11.982894413038663,Sunny,8,0.22721368407044512,382,67.59179000915222
8,2,29.22188091019854,Cloudy,5,0.17965610981781088,152,18.166210554405815
12,2,6.7728167023475985,Rainy,3,0.10136293958002562,155,72.75391052088023
17,0,31.96542164540742,Snowy,3,0.20468143701349437,414,51.030013155544786
14,5,24.52305642676242,Snowy,6,0.2843026783814836,417,68.31719929884825
3,3,31.226801724150548,Rainy,2,0.2624155222017358,107,21.084444415509225
14,3,5.0056519866974565,Sunny,6,0.26504227425192617,127,74.8172049195297
21,4,10.072432110679776,Sunny,6,0.2590116035212262,124,99.56628690264796
1,4,16.69278162279476,Sunny,8,0.16474616512208473,91,66.89939956197001
14,6,16.38508710124156,Cloudy,7,0.2530387667508784,471,49.85451980921489
7,4,11.80191148770532,Cloudy,8,0.1286322715622386,373,92.39422487330721
7,2,16.448358196016002,Snowy,9,0.2315432294551907,230,2.569332380955754
16,3,8.865461360007645,Sunny,6,0.22831371333699887,82,73.26242840929629
11,5,17.38283387798078,Rainy,3,0.10511395981794694,120,88.98590516456747
18,2,29.070629874777925,Snowy,3,0.2575940267181863,105,7.105783778474788
9,0,19.372101893100535,Rainy,1,0.28064962101902613,154,45.55635287116006
8,4,5.54000266835645,Snowy,5,0.15348305569442153,249,21.26722594104989
4,2,17.643321247377422,Cloudy,4,0.2624781448372302,150,57.08529839319518
5,2,5.815250482725325,Snowy,9,0.11648119437238964,305,65.30475290176238
19,0,33.98730232120394,Cloudy,9,0.2199935716522132,356,30.959695109946747
1,1,8.823618782686069,Snowy,5,0.1971293730668554,123,46.538185298131985
23,3,26.230649789918562,Sunny,4,0.2091847066618,220,28.65460904237939
12,5,34.18328968676258,Rainy,7,0.28524104037686904,426,37.569725281056265
5,6,29.781171549997158,Sunny,6,0.2742630494493707,192,16.794455712153933
4,1,25.97946125378611,Snowy,4,0.2570167314479514,215,88.67038491497752
0,4,30.183827285023007,Snowy,2,0.15473969153567418,448,1.9910306453545066
20,2,34.45396079781883,Snowy,1,0.28236372573721835,310,88.35850945793506
21,0,23.640334917605887,Cloudy,4,0.11950153849277506,270,57.59620895662411
20,0,21.775544204879793,Rainy,4,0.2706658433117576,132,33.834126573524735
5,3,23.847143313898442,Rainy,1,0.16563201447072157,231,72.58265542057265
5,1,20.98027660284665,Snowy,6,0.11075446233239668,356,51.26746303440377
22,6,24.052673177291563,Snowy,4,0.23387139684814964,59,50.411757152653045
15,3,18.49526623917678,Cloudy,1,0.1462559856631911,445,11.904086008977677
3,2,11.553295486499213,Sunny,1,0.14871422517292637,53,39.56208656859546
10,3,8.607416795350268,Sunny,1,0.1612094332457543,400,24.865370239816926
23,5,7.050228065967811,Rainy,8,0.11273695350050335,451,2.553894654031685
22,0,12.899473512596003,Cloudy,8,0.1354254288396508,385,36.64986344742921
8,0,6.383706930072015,Snowy,2,0.10102792551711207,341,9.89239081313487
22,4,22.01512339758157,Rainy,7,0.18908190422115734,330,26.426173734793334
2,4,13.514853410705609,Cloudy,8,0.11685107548359426,264,10.159145497126351
18,6,29.736044242610966,Sunny,8,0.23653052100883978,147,10.993220930083487
7,2,7.227226189651593,Cloudy,7,0.14712457023832967,469,20.70211814710364
4,5,11.790544830244578,Sunny,5,0.2887148288070354,150,99.98507520415362
3,1,26.907384412704378,Cloudy,1,0.2742503254797305,58,1.2162301428676283
23,3,22.96424889150474,Rainy,9,0.15788817899364166,110,64.22859097592013
5,6,6.934738137475026,Sunny,7,0.25664309093133575,358,14.983126104629177
1,2,31.31718371486601,Rainy,2,0.26064898093296124,195,92.1421855343668
19,4,31.317852884785385,Rainy,6,0.29731262282288207,476,10.269656440029294
10,3,14.912240116273216,Sunny,2,0.21956799736913699,468,95.55125552549741
3,4,15.21217530048694,Sunny,1,0.11639314692873244,112,61.481712360864314
14,3,34.67085075050522,Snowy,7,0.22936744578527618,170,1.1255396146335344
5,1,23.785285147794145,Snowy,2,0.22499594967520703,275,89.5067125937638
21,2,20.93949561704177,Snowy,2,0.22767011548408636,154,52.64946833532491
16,3,30.144565506557733,Rainy,5,0.1614291296208423,309,27.00430379771797
23,5,13.558710150719493,Rainy,5,0.27193591701606656,398,76.96063857404738
5,6,17.875477801890707,Snowy,7,0.2918944365910824,474,92.73988983480012
18,0,13.033300264650025,Rainy,1,0.1435425025956303,304,48.885391491532594
1,5,28.67482539766194,Rainy,8,0.11763043162732889,478,32.239793969867975
14,5,22.20048036905654,Sunny,3,0.13890700663369682,483,79.10556726955775
10,6,24.764752104202117,Sunny,4,0.26411042785114375,256,68.49676428105701
7,0,12.569217495182198,Rainy,9,0.23532892696396948,77,88.98649589127696
18,5,11.606759041319453,Snowy,4,0.22720946846782533,219,69.5588872633581
12,3,19.65123886948816,Cloudy,5,0.1803586270218849,385,25.109305551054092
11,3,27.126972472784804,Snowy,7,0.21556559430228714,125,93.23426572614288
4,3,20.757192725604803,Cloudy,4,0.16157482505487347,165,11.37873897339314
5,0,5.979370326370058,Snowy,1,0.19544001588359225,118,27.526332260577938
21,5,31.056545189608663,Sunny,9,0.25861260567413114,403,52.499266164664675
3,0,6.940606805453947,Rainy,4,0.2962483194910924,283,57.008460581019236
18,3,33.67473451162257,Rainy,9,0.2864977847179604,50,2.5157480760636375
19,6,5.754258748318182,Sunny,6,0.2867731885692497,216,78.27669985627305
0,5,25.833513683921264,Cloudy,1,0.18044474696942248,401,36.79912452411356
19,5,7.46621191135345,Cloudy,3,0.1937579761013582,267,41.235435559211645
16,4,32.32029738305418,Cloudy,2,0.2411270792737963,322,81.12758489925763
11,4,18.932997086766285,Sunny,9,0.2844383856102568,417,38.54905578102691
